<?xml version="1.0" encoding="UTF-8"?>
<supported-servers>
    <server>
        <server-name>openstax</server-name>
        <server-url>https://openstax.org/</server-url>
        <server-element>openstaxURL</server-element>
    </server>
    <server>
        <server-name>cnx</server-name>
        <server-url>https://staging.cnx.org/</server-url>
        <server-element>cnxURL</server-element>
    </server>
    <server>
        <server-name>katalyst01-cnx</server-name>
        <server-url>https://katalyst01.cnx.org/</server-url>
        <server-element>FirstPageURL</server-element>
    </server>
    <server>
        <server-name>release-53-sandbox-openstax</server-name>
        <server-url>https://release-53.sandbox.openstax.org/</server-url>
        <server-element>release-53URL</server-element>
    </server>
    <server>
        <server-name>staging-openstax</server-name>
        <server-url>https://staging.openstax.org/</server-url>
        <server-element>openstaxStagingURL</server-element>
    </server>
    <server>
        <server-name>rex-web-herokuapp</server-name>
        <server-url>https://rex-web.herokuapp.com/</server-url>
        <server-element>rex-web-herokuapp-url</server-element>
    </server>
    <server>
        <server-name>rex-web-staging-herokuapp</server-name>
        <server-url>https://rex-web-staging.herokuapp.com/</server-url>
        <server-element>rexWebStagingHerokuURL</server-element>
    </server>
    <server>
        <server-name>rex-web-issue-947-url</server-name>
        <server-url>https://rex-web-issue-947-np39vpknfjij.herokuapp.com/</server-url>
        <server-element>rex-web-issue-947-url</server-element>
    </server>
</supported-servers>

