<?xml version="1.0" encoding="UTF-8"?>
<Books>
    <Book Name="Elementary Algebra">
        <FirstPageURL>https://katalyst01.cnx.org/contents/CImQfPDv@8.17:GfaWl1GG@17/Introduction</FirstPageURL>
	    <cnxURL>https://cnx.org/contents/CImQfPDv@8.46:GfaWl1GG@17/Introduction</cnxURL>
	    <openstaxURL></openstaxURL>
        <release-53URL></release-53URL>
        <openstaxStagingURL></openstaxStagingURL>
	    <rex-web-herokuapp-url></rex-web-herokuapp-url>
	    <rexWebStagingHerokuURL></rexWebStagingHerokuURL>
        <rex-web-issue-947-url></rex-web-issue-947-url>
        <LastPageURL>https://katalyst01.cnx.org/contents/GFy_h8cu@11.5:OlLnl474/Index</LastPageURL>
        <AverageScanTime>133</AverageScanTime>
    </Book>

    <Book Name="College Physics">
        <FirstPageURL>https://katalyst01.cnx.org/contents/031da8d3-b525-429c-80cf-6c8ed997733a</FirstPageURL>
	    <cnxURL>https://katalyst01.cnx.org/contents/031da8d3-b525-429c-80cf-6c8ed997733a</cnxURL>
	    <openstaxURL>https://openstax.org/books/college-physics/pages/1-introduction-to-science-and-the-realm-of-physics-physical-quantities-and-units</openstaxURL>
        <release-53URL></release-53URL>
        <openstaxStagingURL></openstaxStagingURL>
	    <rex-web-herokuapp-url>https://rex-web.herokuapp.com/books/college-physics@latest/pages/1-introduction-to-science-and-the-realm-of-physics-physical-quantities-and-units/?archive=https://archive-staging.cnx.org</rex-web-herokuapp-url>
	    <rexWebStagingHerokuURL>https://rex-web-staging.herokuapp.com/books/college-physics/pages/1-introduction-to-science-and-the-realm-of-physics-physical-quantities-and-units</rexWebStagingHerokuURL>
        <rex-web-issue-947-url>https://rex-web-issue-947-np39vpknfjij.herokuapp.com/books/college-physics@latest/pages/1-introduction-to-science-and-the-realm-of-physics-physical-quantities-and-units/?archive=https://archive-qa.cnx.org</rex-web-issue-947-url>
        <LastPageURL>https://katalyst01.cnx.org/contents/GFy_h8cu@11.5:OlLnl474/Index</LastPageURL>
        <AverageScanTime>133</AverageScanTime>
    </Book>

    <Book Name="Prealgebra">
        <FirstPageURL>https://katalyst01.cnx.org/contents/caa57dab-41c7-455e-bd6f-f443cda5519c</FirstPageURL>
	    <cnxURL>https://katalyst01.cnx.org/contents/caa57dab-41c7-455e-bd6f-f443cda5519c</cnxURL>
	    <openstaxURL></openstaxURL>
        <release-53URL></release-53URL>
        <openstaxStagingURL></openstaxStagingURL>
	    <rex-web-herokuapp-url></rex-web-herokuapp-url>
	    <rexWebStagingHerokuURL></rexWebStagingHerokuURL>
        <rex-web-issue-947-url></rex-web-issue-947-url>
        <LastPageURL>https://katalyst01.cnx.org/contents/GFy_h8cu@11.5:OlLnl474/Index</LastPageURL>
        <AverageScanTime>133</AverageScanTime>
    </Book>   

    <Book Name="Intermediate Algebra">
        <FirstPageURL>https://katalyst01.cnx.org/contents/02776133-d49d-49cb-bfaa-67c7f61b25a1</FirstPageURL>
	    <cnxURL>https://katalyst01.cnx.org/contents/02776133-d49d-49cb-bfaa-67c7f61b25a1</cnxURL>
	    <openstaxURL></openstaxURL>
        <release-53URL></release-53URL>
        <openstaxStagingURL></openstaxStagingURL>
	    <rex-web-herokuapp-url></rex-web-herokuapp-url>
	    <rexWebStagingHerokuURL></rexWebStagingHerokuURL>
        <rex-web-issue-947-url></rex-web-issue-947-url>
        <LastPageURL>https://katalyst01.cnx.org/contents/GFy_h8cu@11.5:OlLnl474/Index</LastPageURL>
        <AverageScanTime>133</AverageScanTime>
    </Book>

    <Book Name="College Algebra">
        <FirstPageURL>https://katalyst01.cnx.org/contents/9b08c294-057f-4201-9f48-5d6ad992740d</FirstPageURL>
	    <cnxURL>https://katalyst01.cnx.org/contents/9b08c294-057f-4201-9f48-5d6ad992740d</cnxURL>
	    <openstaxURL>https://openstax.org/books/college-algebra/pages/1-introduction-to-prerequisites</openstaxURL>
        <release-53URL></release-53URL>
        <openstaxStagingURL></openstaxStagingURL>
	    <rex-web-herokuapp-url>https://rex-web.herokuapp.com/books/college-algebra@latest/pages/1-introduction-to-prerequisites/?archive=https://archive-staging.cnx.org</rex-web-herokuapp-url>
	    <rexWebStagingHerokuURL>https://rex-web-staging.herokuapp.com/books/college-algebra/pages/1-introduction-to-prerequisites</rexWebStagingHerokuURL>
        <rex-web-issue-947-url>https://rex-web-issue-947-np39vpknfjij.herokuapp.com/books/college-algebra@latest/pages/1-introduction-to-prerequisites/?archive=https://archive-qa.cnx.org</rex-web-issue-947-url>
        <LastPageURL>https://katalyst01.cnx.org/contents/GFy_h8cu@11.5:OlLnl474/Index</LastPageURL>
        <AverageScanTime>133</AverageScanTime>
    </Book>  

    <Book Name="Algebra and Trigonometry">
        <FirstPageURL>https://katalyst01.cnx.org/contents/13ac107a-f15f-49d2-97e8-60ab2e3b519c</FirstPageURL>
	    <cnxURL>https://katalyst01.cnx.org/contents/13ac107a-f15f-49d2-97e8-60ab2e3b519c</cnxURL>
	    <openstaxURL></openstaxURL>
        <release-53URL></release-53URL>
        <openstaxStagingURL></openstaxStagingURL>
	    <rex-web-herokuapp-url></rex-web-herokuapp-url>
	    <rexWebStagingHerokuURL></rexWebStagingHerokuURL>
        <rex-web-issue-947-url></rex-web-issue-947-url>
        <LastPageURL>https://katalyst01.cnx.org/contents/GFy_h8cu@11.5:OlLnl474/Index</LastPageURL>
        <AverageScanTime>133</AverageScanTime>
    </Book>  

    <Book Name="Precalculus">
        <FirstPageURL>https://katalyst01.cnx.org/contents/fd53eae1-fa23-47c7-bb1b-972349835c3c</FirstPageURL>
	    <cnxURL>https://katalyst01.cnx.org/contents/fd53eae1-fa23-47c7-bb1b-972349835c3c</cnxURL>
	    <openstaxURL>https://openstax.org/books/precalculus/pages/1-introduction-to-functions</openstaxURL>
        <release-53URL></release-53URL>
        <openstaxStagingURL></openstaxStagingURL>
	    <rex-web-herokuapp-url>https://rex-web.herokuapp.com/books/precalculus@latest/pages/1-introduction-to-functions/?archive=https://archive-staging.cnx.org</rex-web-herokuapp-url>
	    <rexWebStagingHerokuURL>https://rex-web-staging.herokuapp.com/books/precalculus/pages/1-introduction-to-functions</rexWebStagingHerokuURL>
        <rex-web-issue-947-url>https://rex-web-issue-947-np39vpknfjij.herokuapp.com/books/precalculus@latest/pages/1-introduction-to-functions/?archive=https://archive-qa.cnx.org</rex-web-issue-947-url>
        <LastPageURL>https://katalyst01.cnx.org/contents/GFy_h8cu@11.5:OlLnl474/Index</LastPageURL>
        <AverageScanTime>133</AverageScanTime>
    </Book>  

    <Book Name="Calculus Volume 1">
        <FirstPageURL>https://katalyst01.cnx.org/contents/8b89d172-2927-466f-8661-01abc7ccdba4</FirstPageURL>
	    <cnxURL>https://katalyst01.cnx.org/contents/8b89d172-2927-466f-8661-01abc7ccdba4</cnxURL>
	    <openstaxURL>https://openstax.org/books/calculus-volume-1/pages/1-introduction</openstaxURL>
        <release-53URL></release-53URL>
        <openstaxStagingURL></openstaxStagingURL>
	    <rex-web-herokuapp-url>https://rex-web.herokuapp.com/books/calculus-volume-1@latest/pages/1-introduction/?archive=https://archive-staging.cnx.org</rex-web-herokuapp-url>
	    <rexWebStagingHerokuURL>https://rex-web-staging.herokuapp.com/books/calculus-volume-1/pages/1-introduction</rexWebStagingHerokuURL>
        <rex-web-issue-947-url>https://rex-web-issue-947-np39vpknfjij.herokuapp.com/books/calculus-volume-1@latest/pages/1-introduction/?archive=https://archive-qa.cnx.org</rex-web-issue-947-url>
        <LastPageURL>https://katalyst01.cnx.org/contents/GFy_h8cu@11.5:OlLnl474/Index</LastPageURL>
        <AverageScanTime>133</AverageScanTime>
    </Book>  

    <Book Name="Calculus Volume 2">
        <FirstPageURL>https://katalyst01.cnx.org/contents/1d39a348-071f-4537-85b6-c98912458c3c</FirstPageURL>
	    <cnxURL>https://katalyst01.cnx.org/contents/1d39a348-071f-4537-85b6-c98912458c3c</cnxURL>
	    <openstaxURL>https://openstax.org/books/calculus-volume-2/pages/1-introduction</openstaxURL>
        <release-53URL></release-53URL>
        <openstaxStagingURL></openstaxStagingURL>
	    <rex-web-herokuapp-url></rex-web-herokuapp-url>
	    <rexWebStagingHerokuURL></rexWebStagingHerokuURL>
        <rex-web-issue-947-url></rex-web-issue-947-url>
        <LastPageURL>https://katalyst01.cnx.org/contents/GFy_h8cu@11.5:OlLnl474/Index</LastPageURL>
        <AverageScanTime>133</AverageScanTime>
    </Book>  

    <Book Name="Calculus Volume 3">
        <FirstPageURL>https://katalyst01.cnx.org/contents/a31cd793-2162-4e9e-acb5-6e6bbd76a5fa</FirstPageURL>
	    <cnxURL>https://katalyst01.cnx.org/contents/a31cd793-2162-4e9e-acb5-6e6bbd76a5fa</cnxURL>
	    <openstaxURL>https://openstax.org/books/calculus-volume-3/pages/1-introduction</openstaxURL>
        <release-53URL></release-53URL>
        <openstaxStagingURL></openstaxStagingURL>
	    <rex-web-herokuapp-url></rex-web-herokuapp-url>
	    <rexWebStagingHerokuURL></rexWebStagingHerokuURL>
        <rex-web-issue-947-url></rex-web-issue-947-url>
        <LastPageURL>https://katalyst01.cnx.org/contents/GFy_h8cu@11.5:OlLnl474/Index</LastPageURL>
        <AverageScanTime>133</AverageScanTime>
    </Book>  

    <Book Name="Introductory Statistics">
        <FirstPageURL>https://katalyst01.cnx.org/contents/30189442-6998-4686-ac05-ed152b91b9de</FirstPageURL>
	    <cnxURL>https://katalyst01.cnx.org/contents/30189442-6998-4686-ac05-ed152b91b9de</cnxURL>
	    <openstaxURL>https://openstax.org/books/introductory-statistics/pages/1-introduction</openstaxURL>
        <release-53URL></release-53URL>
        <openstaxStagingURL></openstaxStagingURL>
	    <rex-web-herokuapp-url>https://rex-web.herokuapp.com/books/introductory-statistics@latest/pages/1-introduction/?archive=https://archive-staging.cnx.org</rex-web-herokuapp-url>
	    <rexWebStagingHerokuURL>https://rex-web-staging.herokuapp.com/books/introductory-statistics/pages/1-introduction</rexWebStagingHerokuURL>
        <rex-web-issue-947-url>https://rex-web-issue-947-np39vpknfjij.herokuapp.com/books/introductory-statistics@latest/pages/1-introduction/?archive=https://archive-qa.cnx.org</rex-web-issue-947-url>
        <LastPageURL>https://katalyst01.cnx.org/contents/GFy_h8cu@11.5:OlLnl474/Index</LastPageURL>
        <AverageScanTime>133</AverageScanTime>
    </Book>  

    <Book Name="Anatomy and Physiology">
        <FirstPageURL>https://katalyst01.cnx.org/contents/14fb4ad7-39a1-4eee-ab6e-3ef2482e3e22</FirstPageURL>
	    <cnxURL>https://katalyst01.cnx.org/contents/14fb4ad7-39a1-4eee-ab6e-3ef2482e3e22</cnxURL>
	    <openstaxURL>https://openstax.org/books/anatomy-and-physiology/pages/1-introduction</openstaxURL>
        <release-53URL></release-53URL>
        <openstaxStagingURL></openstaxStagingURL>
	    <rex-web-herokuapp-url>https://rex-web.herokuapp.com/books/anatomy-and-physiology@latest/pages/1-introduction/?archive=https://archive-staging.cnx.org</rex-web-herokuapp-url>
	    <rexWebStagingHerokuURL>https://rex-web-staging.herokuapp.com/books/anatomy-and-physiology/pages/1-introduction</rexWebStagingHerokuURL>
        <rex-web-issue-947-url>https://rex-web-issue-947-np39vpknfjij.herokuapp.com/books/anatomy-and-physiology@latest/pages/1-introduction/?archive=https://archive-qa.cnx.org</rex-web-issue-947-url>
        <LastPageURL>https://katalyst01.cnx.org/contents/GFy_h8cu@11.5:OlLnl474/Index</LastPageURL>
        <AverageScanTime>133</AverageScanTime>
    </Book>  

    <Book Name="Astronomy">
        <FirstPageURL>https://katalyst01.cnx.org/contents/2e737be8-ea65-48c3-aa0a-9f35b4c6a966</FirstPageURL>
	    <cnxURL>https://katalyst01.cnx.org/contents/2e737be8-ea65-48c3-aa0a-9f35b4c6a966</cnxURL>
	    <openstaxURL>https://openstax.org/books/astronomy/pages/1-introduction</openstaxURL>
        <release-53URL></release-53URL>
        <openstaxStagingURL>https://staging.openstax.org/books/astronomy/pages/1-introduction</openstaxStagingURL>
	    <rex-web-herokuapp-url>https://rex-web.herokuapp.com/books/astronomy@latest/pages/1-introduction/?archive=https://archive-staging.cnx.org</rex-web-herokuapp-url>
	    <rexWebStagingHerokuURL>https://rex-web-staging.herokuapp.com/books/astronomy/pages/1-introduction</rexWebStagingHerokuURL>
        <rex-web-issue-947-url>https://rex-web-issue-947-np39vpknfjij.herokuapp.com/books/astronomy@latest/pages/1-introduction/?archive=https://archive-qa.cnx.org</rex-web-issue-947-url>
        <LastPageURL>https://katalyst01.cnx.org/contents/GFy_h8cu@11.5:OlLnl474/Index</LastPageURL>
        <AverageScanTime>133</AverageScanTime>
    </Book>  

    <Book Name="Entrepreneurship">
    	<FirstPageURL>https://katalyst01.cnx.org/contents/04BRDmFF@7.2:1ykNQm79@2/Introduction</FirstPageURL>
        <cnxURL>https://katalyst01.cnx.org/contents/2d941ab9-ac5b-4eb8-b21c-965d36a4f296</cnxURL>
		<openstaxURL>https://openstax.org/books/entrepreneurship/pages/1-introduction</openstaxURL>
		<openstaxStagingURL>https://staging.openstax.org/books/entrepreneurship/pages/1-introduction</openstaxStagingURL>
	    <rex-web-herokuapp-url>https://rex-web.herokuapp.com/books/entrepreneurship@latest/pages/1-introduction/?archive=https://archive-staging.cnx.org</rex-web-herokuapp-url>
	    <rexWebStagingHerokuURL></rexWebStagingHerokuURL>
        <rex-web-issue-947-url>https://rex-web-issue-947-np39vpknfjij.herokuapp.com/books/entrepreneurship@latest/pages/1-introduction/?archive=https://archive-qa.cnx.org</rex-web-issue-947-url>
    	<release-53URL>https://release-53.sandbox.openstax.org/books/entrepreneurship/pages/1-introduction</release-53URL>
   	    <LastPageURL>https://katalyst01.cnx.org/contents/GFy_h8cu@11.5:OlLnl474/Index</LastPageURL>
    	<AverageScanTime>133</AverageScanTime>
    </Book>
	
    <Book Name="Biology">
        <FirstPageURL>https://katalyst01.cnx.org/contents/185cbf87-c72e-48f5-b51e-f14f21b5eabd</FirstPageURL>
	    <cnxURL>https://katalyst01.cnx.org/contents/185cbf87-c72e-48f5-b51e-f14f21b5eabd</cnxURL>
	    <openstaxURL></openstaxURL>
        <release-53URL></release-53URL>
        <openstaxStagingURL></openstaxStagingURL>
	    <rex-web-herokuapp-url></rex-web-herokuapp-url>
	    <rexWebStagingHerokuURL></rexWebStagingHerokuURL>
        <rex-web-issue-947-url></rex-web-issue-947-url>
        <LastPageURL>https://katalyst01.cnx.org/contents/GFy_h8cu@11.5:OlLnl474/Index</LastPageURL>
        <AverageScanTime>133</AverageScanTime>
    </Book>  

    <Book Name="Biology 2e">
        <FirstPageURL>https://katalyst01.cnx.org/contents/8d50a0af-948b-4204-a71d-4826cba765b8</FirstPageURL>
	    <cnxURL>https://katalyst01.cnx.org/contents/8d50a0af-948b-4204-a71d-4826cba765b8</cnxURL>
	    <openstaxURL>https://openstax.org/books/biology-2e/pages/1-introduction</openstaxURL>
        <release-53URL></release-53URL>
        <openstaxStagingURL></openstaxStagingURL>
	    <rex-web-herokuapp-url>https://rex-web.herokuapp.com/books/biology-2e@latest/pages/1-introduction/?archive=https://archive-staging.cnx.org</rex-web-herokuapp-url>
	    <rexWebStagingHerokuURL>https://rex-web-staging.herokuapp.com/books/biology-2e/pages/1-introduction</rexWebStagingHerokuURL>
        <rex-web-issue-947-url>https://rex-web-issue-947-np39vpknfjij.herokuapp.com/books/biology-2e@latest/pages/1-introduction/?archive=https://archive-qa.cnx.org</rex-web-issue-947-url>
        <LastPageURL>https://katalyst01.cnx.org/contents/GFy_h8cu@11.5:OlLnl474/Index</LastPageURL>
        <AverageScanTime>133</AverageScanTime>
    </Book>  

    <Book Name="Concepts of Biology">
        <FirstPageURL>https://katalyst01.cnx.org/contents/b3c1e1d2-839c-42b0-a314-e119a8aafbdd</FirstPageURL>
	    <cnxURL>https://katalyst01.cnx.org/contents/b3c1e1d2-839c-42b0-a314-e119a8aafbdd</cnxURL>
	    <openstaxURL>https://katalyst01.cnx.org/contents/b3c1e1d2-839c-42b0-a314-e119a8aafbdd</openstaxURL>
        <release-53URL></release-53URL>
        <openstaxStagingURL></openstaxStagingURL>
	    <rex-web-herokuapp-url></rex-web-herokuapp-url>
	    <rexWebStagingHerokuURL></rexWebStagingHerokuURL>
        <rex-web-issue-947-url></rex-web-issue-947-url>
        <LastPageURL>https://katalyst01.cnx.org/contents/GFy_h8cu@11.5:OlLnl474/Index</LastPageURL>
        <AverageScanTime>133</AverageScanTime>
    </Book>  

    <Book Name="Microbiology">
        <FirstPageURL>https://katalyst01.cnx.org/contents/e42bd376-624b-4c0f-972f-e0c57998e765</FirstPageURL>
	    <cnxURL>https://katalyst01.cnx.org/contents/e42bd376-624b-4c0f-972f-e0c57998e765</cnxURL>
	    <openstaxURL>https://openstax.org/books/microbiology/pages/1-introduction</openstaxURL>
        <release-53URL></release-53URL>
        <openstaxStagingURL></openstaxStagingURL>
	    <rex-web-herokuapp-url>https://rex-web.herokuapp.com/books/microbiology@latest/pages/1-introduction/?archive=https://archive-staging.cnx.org</rex-web-herokuapp-url>
	    <rexWebStagingHerokuURL>https://rex-web-staging.herokuapp.com/books/microbiology/pages/1-introduction</rexWebStagingHerokuURL>
        <rex-web-issue-947-url>https://rex-web-issue-947-np39vpknfjij.herokuapp.com/books/microbiology@latest/pages/1-introduction/?archive=https://archive-qa.cnx.org</rex-web-issue-947-url>
        <LastPageURL>https://katalyst01.cnx.org/contents/GFy_h8cu@11.5:OlLnl474/Index</LastPageURL>
        <AverageScanTime>133</AverageScanTime>
    </Book>  

    <Book Name="Chemistry">
        <FirstPageURL>https://katalyst01.cnx.org/contents/85abf193-2bd2-4908-8563-90b8a7ac8df6</FirstPageURL>
	    <cnxURL>https://katalyst01.cnx.org/contents/85abf193-2bd2-4908-8563-90b8a7ac8df6</cnxURL>
	    <openstaxURL></openstaxURL>
        <release-53URL></release-53URL>
        <openstaxStagingURL></openstaxStagingURL>
	    <rex-web-herokuapp-url></rex-web-herokuapp-url>
	    <rexWebStagingHerokuURL></rexWebStagingHerokuURL>
        <rex-web-issue-947-url></rex-web-issue-947-url>
        <LastPageURL>https://katalyst01.cnx.org/contents/GFy_h8cu@11.5:OlLnl474/Index</LastPageURL>
        <AverageScanTime>133</AverageScanTime>
    </Book>  

    <Book Name="Chemistry 2e">
        <FirstPageURL>https://katalyst01.cnx.org/contents/7fccc9cf-9b71-44f6-800b-f9457fd64335</FirstPageURL>
	    <cnxURL>https://katalyst01.cnx.org/contents/7fccc9cf-9b71-44f6-800b-f9457fd64335</cnxURL>
	    <openstaxURL>https://openstax.org/books/chemistry-2e/pages/1-introduction</openstaxURL>
        <release-53URL></release-53URL>
        <openstaxStagingURL></openstaxStagingURL>
	    <rex-web-herokuapp-url>https://rex-web.herokuapp.com/books/chemistry-2e@latest/pages/1-introduction/?archive=https://archive-staging.cnx.org</rex-web-herokuapp-url>
	    <rexWebStagingHerokuURL></rexWebStagingHerokuURL>
        <rex-web-issue-947-url>https://rex-web-issue-947-np39vpknfjij.herokuapp.com/books/chemistry-2e@latest/pages/1-introduction/?archive=https://archive-qa.cnx.org</rex-web-issue-947-url>
        <LastPageURL>https://katalyst01.cnx.org/contents/GFy_h8cu@11.5:OlLnl474/Index</LastPageURL>
        <AverageScanTime>133</AverageScanTime>
    </Book>  

    <Book Name="Chemistry: Atoms First">
        <FirstPageURL>https://katalyst01.cnx.org/contents/4539ae23-1ccc-421e-9b25-843acbb6c4b0</FirstPageURL>
	    <cnxURL>https://katalyst01.cnx.org/contents/4539ae23-1ccc-421e-9b25-843acbb6c4b0</cnxURL>
	    <openstaxURL></openstaxURL>
        <release-53URL></release-53URL>
        <openstaxStagingURL></openstaxStagingURL>
	    <rex-web-herokuapp-url></rex-web-herokuapp-url>
	    <rexWebStagingHerokuURL></rexWebStagingHerokuURL>
        <rex-web-issue-947-url></rex-web-issue-947-url>
        <LastPageURL>https://katalyst01.cnx.org/contents/GFy_h8cu@11.5:OlLnl474/Index</LastPageURL>
        <AverageScanTime>133</AverageScanTime>
    </Book>  

    <Book Name="Chemistry: Atoms First 2e">
        <FirstPageURL>https://katalyst01.cnx.org/contents/d9b85ee6-c57f-4861-8208-5ddf261e9c5f</FirstPageURL>
	    <cnxURL>https://katalyst01.cnx.org/contents/d9b85ee6-c57f-4861-8208-5ddf261e9c5f</cnxURL>
	    <openstaxURL>https://openstax.org/books/chemistry-atoms-first-2e/pages/1-introduction</openstaxURL>
        <release-53URL></release-53URL>
        <openstaxStagingURL></openstaxStagingURL>
	    <rex-web-herokuapp-url></rex-web-herokuapp-url>
	    <rexWebStagingHerokuURL></rexWebStagingHerokuURL>
        <rex-web-issue-947-url></rex-web-issue-947-url>
        <LastPageURL>https://katalyst01.cnx.org/contents/GFy_h8cu@11.5:OlLnl474/Index</LastPageURL>
        <AverageScanTime>133</AverageScanTime>
    </Book>  

    <Book Name="University Physics Volume 1">
        <FirstPageURL>https://katalyst01.cnx.org/contents/d50f6e32-0fda-46ef-a362-9bd36ca7c97d</FirstPageURL>
	    <cnxURL>https://katalyst01.cnx.org/contents/d50f6e32-0fda-46ef-a362-9bd36ca7c97d</cnxURL>
	    <openstaxURL>https://openstax.org/books/university-physics-volume-1/pages/1-introduction</openstaxURL>
        <release-53URL></release-53URL>
        <openstaxStagingURL></openstaxStagingURL>
	    <rex-web-herokuapp-url>https://rex-web.herokuapp.com/books/university-physics-volume-1@latest/pages/1-introduction/?archive=https://archive-staging.cnx.org</rex-web-herokuapp-url>
	    <rexWebStagingHerokuURL></rexWebStagingHerokuURL>
        <rex-web-issue-947-url>https://rex-web-issue-947-np39vpknfjij.herokuapp.com/books/university-physics-volume-1@latest/pages/1-introduction/?archive=https://archive-qa.cnx.org</rex-web-issue-947-url>
        <LastPageURL>https://katalyst01.cnx.org/contents/GFy_h8cu@11.5:OlLnl474/Index</LastPageURL>
        <AverageScanTime>133</AverageScanTime>
    </Book>  

    <Book Name="University Physics Volume 2">
        <FirstPageURL>https://katalyst01.cnx.org/contents/7a0f9770-1c44-4acd-9920-1cd9a99f2a1e</FirstPageURL>
	    <cnxURL>https://katalyst01.cnx.org/contents/7a0f9770-1c44-4acd-9920-1cd9a99f2a1e</cnxURL>
	    <openstaxURL>https://openstax.org/books/university-physics-volume-2/pages/1-introduction</openstaxURL>
        <release-53URL></release-53URL>
        <openstaxStagingURL></openstaxStagingURL>
	    <rex-web-herokuapp-url></rex-web-herokuapp-url>
	    <rexWebStagingHerokuURL></rexWebStagingHerokuURL>
        <rex-web-issue-947-url></rex-web-issue-947-url>
        <LastPageURL>https://katalyst01.cnx.org/contents/GFy_h8cu@11.5:OlLnl474/Index</LastPageURL>
        <AverageScanTime>133</AverageScanTime>
    </Book>  

    <Book Name="University Physics Volume 3">
        <FirstPageURL>https://katalyst01.cnx.org/contents/af275420-6050-4707-995c-57b9cc13c358</FirstPageURL>
	    <cnxURL>https://katalyst01.cnx.org/contents/af275420-6050-4707-995c-57b9cc13c358</cnxURL>
	    <openstaxURL>https://openstax.org/books/university-physics-volume-3/pages/1-introduction</openstaxURL>
        <release-53URL></release-53URL>
        <openstaxStagingURL></openstaxStagingURL>
	    <rex-web-herokuapp-url></rex-web-herokuapp-url>
	    <rexWebStagingHerokuURL></rexWebStagingHerokuURL>
        <rex-web-issue-947-url></rex-web-issue-947-url>
        <LastPageURL>https://katalyst01.cnx.org/contents/GFy_h8cu@11.5:OlLnl474/Index</LastPageURL>
        <AverageScanTime>133</AverageScanTime>
    </Book>  

    <Book Name="Biology for AP® Courses">
        <FirstPageURL>https://katalyst01.cnx.org/contents/6c322e32-9fb0-4c4d-a1d7-20c95c5c7af2</FirstPageURL>
	    <cnxURL>https://katalyst01.cnx.org/contents/6c322e32-9fb0-4c4d-a1d7-20c95c5c7af2</cnxURL>
	    <openstaxURL>https://openstax.org/books/biology-ap-courses/pages/1-introduction</openstaxURL>
        <release-53URL></release-53URL>
        <openstaxStagingURL></openstaxStagingURL>
	    <rex-web-herokuapp-url></rex-web-herokuapp-url>
	    <rexWebStagingHerokuURL></rexWebStagingHerokuURL>
        <rex-web-issue-947-url></rex-web-issue-947-url>
        <LastPageURL>https://katalyst01.cnx.org/contents/GFy_h8cu@11.5:OlLnl474/Index</LastPageURL>
        <AverageScanTime>133</AverageScanTime>
    </Book>  

    <Book Name="The AP Physics Collection">
        <FirstPageURL>https://katalyst01.cnx.org/contents/8d04a686-d5e8-4798-a27d-c608e4d0e187</FirstPageURL>
	    <cnxURL>https://katalyst01.cnx.org/contents/8d04a686-d5e8-4798-a27d-c608e4d0e187</cnxURL>
	    <openstaxURL>https://katalyst01.cnx.org/contents/8d04a686-d5e8-4798-a27d-c608e4d0e187</openstaxURL>
        <release-53URL></release-53URL>
        <openstaxStagingURL></openstaxStagingURL>
	    <rex-web-herokuapp-url></rex-web-herokuapp-url>
	    <rexWebStagingHerokuURL></rexWebStagingHerokuURL>
        <rex-web-issue-947-url></rex-web-issue-947-url>
        <LastPageURL>https://katalyst01.cnx.org/contents/GFy_h8cu@11.5:OlLnl474/Index</LastPageURL>
        <AverageScanTime>133</AverageScanTime>
    </Book>  

    <Book Name="Fizyka dla szkół wyższych. Tom 1">
        <FirstPageURL>https://katalyst01.cnx.org/contents/4eaa8f03-88a8-485a-a777-dd3602f6c13e</FirstPageURL>
	    <cnxURL>https://katalyst01.cnx.org/contents/4eaa8f03-88a8-485a-a777-dd3602f6c13e</cnxURL>
	    <openstaxURL>https://cnx.org/contents/TqqPA4io@1.157:pLGsuj0f@10/Przedmowa</openstaxURL>
        <release-53URL></release-53URL>
        <openstaxStagingURL>https://staging.cnx.org/contents/TqqPA4io@2.2:pLGsuj0f@10/Przedmowa</openstaxStagingURL>
	    <rex-web-herokuapp-url></rex-web-herokuapp-url>
	    <rexWebStagingHerokuURL></rexWebStagingHerokuURL>
        <rex-web-issue-947-url></rex-web-issue-947-url>
        <LastPageURL>https://katalyst01.cnx.org/contents/GFy_h8cu@11.5:OlLnl474/Index</LastPageURL>
        <AverageScanTime>133</AverageScanTime>
    </Book>  

    <Book Name="Fizyka dla szkół wyższych. Tom 2">
        <FirstPageURL>https://katalyst01.cnx.org/contents/16ab5b96-4598-45f9-993c-b8d78d82b0c6</FirstPageURL>
	    <cnxURL>https://katalyst01.cnx.org/contents/16ab5b96-4598-45f9-993c-b8d78d82b0c6</cnxURL>
	    <openstaxURL></openstaxURL>
        <release-53URL></release-53URL>
        <openstaxStagingURL></openstaxStagingURL>
	    <rex-web-herokuapp-url></rex-web-herokuapp-url>
	    <rexWebStagingHerokuURL></rexWebStagingHerokuURL>
        <rex-web-issue-947-url></rex-web-issue-947-url>
        <LastPageURL>https://katalyst01.cnx.org/contents/GFy_h8cu@11.5:OlLnl474/Index</LastPageURL>
        <AverageScanTime>133</AverageScanTime>
    </Book>  

    <Book Name="Fizyka dla szkół wyższych. Tom 3">
        <FirstPageURL>https://katalyst01.cnx.org/contents/bb62933e-f20a-4ffc-90aa-97b36c296c3e</FirstPageURL>
	    <cnxURL>https://katalyst01.cnx.org/contents/bb62933e-f20a-4ffc-90aa-97b36c296c3e</cnxURL>
	    <openstaxURL>https://cnx.org/contents/u2KTPvIK@4.1:pLGsuj0f@10/Przedmowa</openstaxURL>
        <release-53URL></release-53URL>
        <openstaxStagingURL>https://staging.cnx.org/contents/u2KTPvIK@4.1:pLGsuj0f@10/Przedmowa</openstaxStagingURL>
	    <rex-web-herokuapp-url></rex-web-herokuapp-url>
	    <rexWebStagingHerokuURL></rexWebStagingHerokuURL>
        <rex-web-issue-947-url></rex-web-issue-947-url>
        <LastPageURL>https://katalyst01.cnx.org/contents/GFy_h8cu@11.5:OlLnl474/Index</LastPageURL>
        <AverageScanTime>133</AverageScanTime>
    </Book>  

    <Book Name="American Government">
        <FirstPageURL>https://katalyst01.cnx.org/contents/5bcc0e59-7345-421d-8507-a1e4608685e8</FirstPageURL>
	    <cnxURL>https://katalyst01.cnx.org/contents/5bcc0e59-7345-421d-8507-a1e4608685e8</cnxURL>
	    <openstaxURL></openstaxURL>
        <release-53URL></release-53URL>
        <openstaxStagingURL></openstaxStagingURL>
	    <rex-web-herokuapp-url></rex-web-herokuapp-url>
	    <rexWebStagingHerokuURL></rexWebStagingHerokuURL>
        <rex-web-issue-947-url></rex-web-issue-947-url>
        <LastPageURL>https://katalyst01.cnx.org/contents/GFy_h8cu@11.5:OlLnl474/Index</LastPageURL>
        <AverageScanTime>133</AverageScanTime>
    </Book>  

    <Book Name="American Government 2e">
        <FirstPageURL>https://katalyst01.cnx.org/contents/9d8df601-4f12-4ac1-8224-b450bf739e5f</FirstPageURL>
	    <cnxURL>https://katalyst01.cnx.org/contents/9d8df601-4f12-4ac1-8224-b450bf739e5f</cnxURL>
	    <openstaxURL>https://openstax.org/books/american-government-2e/pages/1-introduction</openstaxURL>
        <release-53URL></release-53URL>
        <openstaxStagingURL></openstaxStagingURL>
	    <rex-web-herokuapp-url>https://rex-web.herokuapp.com/books/american-government-2e@latest/pages/1-introduction/?archive=https://archive-staging.cnx.org</rex-web-herokuapp-url>
	    <rexWebStagingHerokuURL></rexWebStagingHerokuURL>
        <rex-web-issue-947-url>https://rex-web-issue-947-np39vpknfjij.herokuapp.com/books/american-government-2e@latest/pages/1-introduction/?archive=https://archive-qa.cnx.org</rex-web-issue-947-url>
        <LastPageURL>https://katalyst01.cnx.org/contents/GFy_h8cu@11.5:OlLnl474/Index</LastPageURL>
        <AverageScanTime>133</AverageScanTime>
    </Book>  

    <Book Name="Principles of Economics 2e">
        <FirstPageURL>https://katalyst01.cnx.org/contents/bc498e1f-efe9-43a0-8dea-d3569ad09a82</FirstPageURL>
	    <cnxURL>https://katalyst01.cnx.org/contents/bc498e1f-efe9-43a0-8dea-d3569ad09a82</cnxURL>
	    <openstaxURL>https://openstax.org/books/principles-economics-2e/pages/1-introduction</openstaxURL>
        <release-53URL></release-53URL>
        <openstaxStagingURL></openstaxStagingURL>
	    <rex-web-herokuapp-url>https://rex-web.herokuapp.com/books/principles-economics-2e@latest/pages/1-introduction/?archive=https://archive-staging.cnx.org</rex-web-herokuapp-url>
	    <rexWebStagingHerokuURL></rexWebStagingHerokuURL>
        <rex-web-issue-947-url>https://rex-web-issue-947-np39vpknfjij.herokuapp.com/books/principles-economics-2e@latest/pages/1-introduction/?archive=https://archive-qa.cnx.org</rex-web-issue-947-url>
        <LastPageURL>https://katalyst01.cnx.org/contents/GFy_h8cu@11.5:OlLnl474/Index</LastPageURL>
        <AverageScanTime>133</AverageScanTime>
    </Book>  

    <Book Name="Principles of Macroeconomics 2e">
        <FirstPageURL>https://katalyst01.cnx.org/contents/27f59064-990e-48f1-b604-5188b9086c29</FirstPageURL>
	    <cnxURL>https://katalyst01.cnx.org/contents/27f59064-990e-48f1-b604-5188b9086c29</cnxURL>
	    <openstaxURL></openstaxURL>
        <release-53URL></release-53URL>
        <openstaxStagingURL></openstaxStagingURL>
	    <rex-web-herokuapp-url></rex-web-herokuapp-url>
	    <rexWebStagingHerokuURL></rexWebStagingHerokuURL>
        <rex-web-issue-947-url></rex-web-issue-947-url>
        <LastPageURL>https://katalyst01.cnx.org/contents/GFy_h8cu@11.5:OlLnl474/Index</LastPageURL>
        <AverageScanTime>133</AverageScanTime>
    </Book>  

    <Book Name="Principles of Microeconomics 2e">
        <FirstPageURL>https://katalyst01.cnx.org/contents/5c09762c-b540-47d3-9541-dda1f44f16e5</FirstPageURL>
	    <cnxURL>https://katalyst01.cnx.org/contents/5c09762c-b540-47d3-9541-dda1f44f16e5</cnxURL>
	    <openstaxURL></openstaxURL>
        <release-53URL></release-53URL>
        <openstaxStagingURL></openstaxStagingURL>
	    <rex-web-herokuapp-url></rex-web-herokuapp-url>
	    <rexWebStagingHerokuURL></rexWebStagingHerokuURL>
        <rex-web-issue-947-url></rex-web-issue-947-url>
        <LastPageURL>https://katalyst01.cnx.org/contents/GFy_h8cu@11.5:OlLnl474/Index</LastPageURL>
        <AverageScanTime>133</AverageScanTime>
    </Book>  

    <Book Name="Psychology">
        <FirstPageURL>https://katalyst01.cnx.org/contents/4abf04bf-93a0-45c3-9cbc-2cefd46e68cc</FirstPageURL>
	    <cnxURL>https://katalyst01.cnx.org/contents/4abf04bf-93a0-45c3-9cbc-2cefd46e68cc</cnxURL>
	    <openstaxURL></openstaxURL>
        <release-53URL></release-53URL>
        <openstaxStagingURL></openstaxStagingURL>
	    <rex-web-herokuapp-url></rex-web-herokuapp-url>
	    <rexWebStagingHerokuURL></rexWebStagingHerokuURL>
        <rex-web-issue-947-url></rex-web-issue-947-url>
        <LastPageURL>https://katalyst01.cnx.org/contents/GFy_h8cu@11.5:OlLnl474/Index</LastPageURL>
        <AverageScanTime>133</AverageScanTime>
    </Book>  

    <Book Name="Introduction to Sociology 2e">
        <FirstPageURL>https://katalyst01.cnx.org/contents/02040312-72c8-441e-a685-20e9333f3e1d</FirstPageURL>
	    <cnxURL>https://katalyst01.cnx.org/contents/02040312-72c8-441e-a685-20e9333f3e1d</cnxURL>
	    <openstaxURL>https://openstax.org/books/introduction-sociology-2e/pages/1-introduction-to-sociology</openstaxURL>
        <release-53URL></release-53URL>
        <openstaxStagingURL></openstaxStagingURL>
	    <rex-web-herokuapp-url>https://rex-web.herokuapp.com/books/introduction-sociology-2e@latest/pages/1-introduction-to-sociology/?archive=https://archive-staging.cnx.org</rex-web-herokuapp-url>
	    <rexWebStagingHerokuURL>https://rex-web-staging.herokuapp.com/books/introduction-sociology-2e/pages/1-introduction-to-sociology</rexWebStagingHerokuURL>
        <rex-web-issue-947-url>https://rex-web-issue-947-np39vpknfjij.herokuapp.com/books/introduction-sociology-2e@latest/pages/1-introduction-to-sociology/?archive=https://archive-qa.cnx.org</rex-web-issue-947-url>
        <LastPageURL>https://katalyst01.cnx.org/contents/GFy_h8cu@11.5:OlLnl474/Index</LastPageURL>
        <AverageScanTime>133</AverageScanTime>
    </Book>  

    <Book Name="Principles of Macroeconomics for AP® Courses 2e">
        <FirstPageURL>https://katalyst01.cnx.org/contents/9117cf8c-a8a3-4875-8361-9cb0f1fc9362</FirstPageURL>
	    <cnxURL>https://katalyst01.cnx.org/contents/9117cf8c-a8a3-4875-8361-9cb0f1fc9362</cnxURL>
	    <openstaxURL></openstaxURL>
        <release-53URL></release-53URL>
        <openstaxStagingURL></openstaxStagingURL>
	    <rex-web-herokuapp-url></rex-web-herokuapp-url>
	    <rexWebStagingHerokuURL></rexWebStagingHerokuURL>
        <rex-web-issue-947-url></rex-web-issue-947-url>
        <LastPageURL>https://katalyst01.cnx.org/contents/GFy_h8cu@11.5:OlLnl474/Index</LastPageURL>
        <AverageScanTime>133</AverageScanTime>
    </Book>  

    <Book Name="Principles of Microeconomics for AP® Courses 2e">
        <FirstPageURL>https://katalyst01.cnx.org/contents/636cbfd9-4e37-4575-83ab-9dec9029ca4e</FirstPageURL>
	    <cnxURL>https://katalyst01.cnx.org/contents/636cbfd9-4e37-4575-83ab-9dec9029ca4e</cnxURL>
	    <openstaxURL></openstaxURL>
        <release-53URL></release-53URL>
        <openstaxStagingURL></openstaxStagingURL>
	    <rex-web-herokuapp-url></rex-web-herokuapp-url>
	    <rexWebStagingHerokuURL></rexWebStagingHerokuURL>
        <rex-web-issue-947-url></rex-web-issue-947-url>
        <LastPageURL>https://katalyst01.cnx.org/contents/GFy_h8cu@11.5:OlLnl474/Index</LastPageURL>
        <AverageScanTime>133</AverageScanTime>
    </Book>  

    <Book Name="U.S. History">
        <FirstPageURL>https://katalyst01.cnx.org/contents/a7ba2fb8-8925-4987-b182-5f4429d48daa</FirstPageURL>
	    <cnxURL>https://katalyst01.cnx.org/contents/a7ba2fb8-8925-4987-b182-5f4429d48daa</cnxURL>
	    <openstaxURL>https://openstax.org/books/us-history/pages/1-introduction</openstaxURL>
        <release-53URL></release-53URL>
        <openstaxStagingURL></openstaxStagingURL>
	    <rex-web-herokuapp-url>https://rex-web.herokuapp.com/books/us-history@latest/pages/1-introduction/?archive=https://archive-staging.cnx.org</rex-web-herokuapp-url>
	    <rexWebStagingHerokuURL></rexWebStagingHerokuURL>
        <rex-web-issue-947-url>https://rex-web-issue-947-np39vpknfjij.herokuapp.com/books/us-history@latest/pages/1-introduction/?archive=https://archive-qa.cnx.org</rex-web-issue-947-url>
        <LastPageURL>https://katalyst01.cnx.org/contents/GFy_h8cu@11.5:OlLnl474/Index</LastPageURL>
        <AverageScanTime>133</AverageScanTime>
    </Book>  

    <Book Name="Introduction to Business">
        <FirstPageURL>https://katalyst01.cnx.org/contents/4e09771f-a8aa-40ce-9063-aa58cc24e77f</FirstPageURL>
	    <cnxURL>https://katalyst01.cnx.org/contents/4e09771f-a8aa-40ce-9063-aa58cc24e77f</cnxURL>
	    <openstaxURL>https://openstax.org/books/introduction-business/pages/1-introduction</openstaxURL>
        <release-53URL></release-53URL>
        <openstaxStagingURL></openstaxStagingURL>
	    <rex-web-herokuapp-url>https://rex-web.herokuapp.com/books/introduction-business@latest/pages/1-introduction/?archive=https://archive-staging.cnx.org</rex-web-herokuapp-url>
	    <rexWebStagingHerokuURL>https://rex-web-staging.herokuapp.com/books/introduction-business/pages/1-introduction</rexWebStagingHerokuURL>
        <rex-web-issue-947-url>https://rex-web-issue-947-np39vpknfjij.herokuapp.com/books/introduction-business@latest/pages/1-introduction/?archive=https://archive-qa.cnx.org</rex-web-issue-947-url>
        <LastPageURL>https://katalyst01.cnx.org/contents/GFy_h8cu@11.5:OlLnl474/Index</LastPageURL>
        <AverageScanTime>133</AverageScanTime>
    </Book> 

    <Book Name="Business Law I Essentials">
        <FirstPageURL>https://katalyst01.cnx.org/contents/4e09771f-a8aa-40ce-9063-aa58cc24e77f</FirstPageURL>
	    <cnxURL>https://katalyst01.cnx.org/contents/4e09771f-a8aa-40ce-9063-aa58cc24e77f</cnxURL>
        <openstaxURL>https://openstax.org/books/business-law-i-essentials/pages/1-introduction</openstaxURL>
        <release-53URL></release-53URL>
        <openstaxStagingURL></openstaxStagingURL>
	    <rex-web-herokuapp-url>https://rex-web.herokuapp.com/books/business-law-i-essentials@latest/pages/1-introduction/?archive=https://archive-staging.cnx.org</rex-web-herokuapp-url>
        <rexWebStagingHerokuURL>https://rex-web-staging.herokuapp.com/books/business-law-i-essentials/pages/1-introduction</rexWebStagingHerokuURL>
        <rex-web-issue-947-url>https://rex-web-issue-947-np39vpknfjij.herokuapp.com/books/business-law-i-essentials@latest/pages/1-introduction/?archive=https://archive-qa.cnx.org</rex-web-issue-947-url>
        <LastPageURL>https://katalyst01.cnx.org/contents/GFy_h8cu@11.5:OlLnl474/Index</LastPageURL>
        <AverageScanTime>133</AverageScanTime>
    </Book> 

    <Book Name="Business Ethics">
        <FirstPageURL>https://katalyst01.cnx.org/contents/914ac66e-e1ec-486d-8a9c-97b0f7a99774</FirstPageURL>
	    <cnxURL>https://katalyst01.cnx.org/contents/914ac66e-e1ec-486d-8a9c-97b0f7a99774</cnxURL>
	    <openstaxURL>https://openstax.org/books/business-ethics/pages/1-introduction</openstaxURL>
        <release-53URL></release-53URL>
        <openstaxStagingURL></openstaxStagingURL>
	    <rex-web-herokuapp-url>https://rex-web.herokuapp.com/books/business-ethics@latest/pages/1-introduction/?archive=https://archive-staging.cnx.org</rex-web-herokuapp-url>
	    <rexWebStagingHerokuURL></rexWebStagingHerokuURL>
        <rex-web-issue-947-url>https://rex-web-issue-947-np39vpknfjij.herokuapp.com/books/business-ethics@latest/pages/1-introduction/?archive=https://archive-qa.cnx.org</rex-web-issue-947-url>
        <LastPageURL>https://katalyst01.cnx.org/contents/GFy_h8cu@11.5:OlLnl474/Index</LastPageURL>
        <AverageScanTime>133</AverageScanTime>
    </Book>  

    <Book Name="Principles of Accounting, Volume 1: Financial Accounting">
        <FirstPageURL>https://katalyst01.cnx.org/contents/9ab4ba6d-1e48-486d-a2de-38ae1617ca84</FirstPageURL>
	    <cnxURL>https://katalyst01.cnx.org/contents/9ab4ba6d-1e48-486d-a2de-38ae1617ca84</cnxURL>
	    <openstaxURL>https://openstax.org/books/principles-financial-accounting/pages/1-why-it-matters</openstaxURL>
        <release-53URL></release-53URL>
        <openstaxStagingURL></openstaxStagingURL>
	    <rex-web-herokuapp-url>https://rex-web.herokuapp.com/books/principles-financial-accounting@latest/pages/1-why-it-matters/?archive=https://archive-staging.cnx.org</rex-web-herokuapp-url>
	    <rexWebStagingHerokuURL></rexWebStagingHerokuURL>
        <rex-web-issue-947-url>https://rex-web-issue-947-np39vpknfjij.herokuapp.com/books/principles-financial-accounting@latest/pages/1-why-it-matters/?archive=https://archive-qa.cnx.org</rex-web-issue-947-url>
        <LastPageURL>https://katalyst01.cnx.org/contents/GFy_h8cu@11.5:OlLnl474/Index</LastPageURL>
        <AverageScanTime>133</AverageScanTime>
    </Book>  

    <Book Name="Principles of Accounting, Volume 2: Managerial Accounting">
        <FirstPageURL>https://katalyst01.cnx.org/contents/920d1c8a-606c-4888-bfd4-d1ee27ce1795</FirstPageURL>
	    <cnxURL>https://katalyst01.cnx.org/contents/920d1c8a-606c-4888-bfd4-d1ee27ce1795</cnxURL>
	    <openstaxURL>https://openstax.org/books/principles-managerial-accounting/pages/1-why-it-matters</openstaxURL>
        <release-53URL></release-53URL>
        <openstaxStagingURL></openstaxStagingURL>
	    <rex-web-herokuapp-url></rex-web-herokuapp-url>
	    <rexWebStagingHerokuURL></rexWebStagingHerokuURL>
        <rex-web-issue-947-url></rex-web-issue-947-url>
        <LastPageURL>https://katalyst01.cnx.org/contents/GFy_h8cu@11.5:OlLnl474/Index</LastPageURL>
        <AverageScanTime>133</AverageScanTime>
    </Book>  

    <Book Name="Introductory Business Statistics">
        <FirstPageURL>https://katalyst01.cnx.org/contents/b56bb9e9-5eb8-48ef-9939-88b1b12ce22f</FirstPageURL>
	    <cnxURL>https://katalyst01.cnx.org/contents/b56bb9e9-5eb8-48ef-9939-88b1b12ce22f</cnxURL>
	    <openstaxURL>https://openstax.org/books/introductory-business-statistics/pages/1-introduction</openstaxURL>
        <release-53URL></release-53URL>
        <openstaxStagingURL></openstaxStagingURL>
	    <rex-web-herokuapp-url></rex-web-herokuapp-url>
	    <rexWebStagingHerokuURL></rexWebStagingHerokuURL>
        <rex-web-issue-947-url></rex-web-issue-947-url>
        <LastPageURL>https://katalyst01.cnx.org/contents/GFy_h8cu@11.5:OlLnl474/Index</LastPageURL>
        <AverageScanTime>133</AverageScanTime>
    </Book>  

    <Book Name="Principles of Management">
        <FirstPageURL>https://katalyst01.cnx.org/contents/c3acb2ab-7d5c-45ad-b3cd-e59673fedd4e</FirstPageURL>
	    <cnxURL>https://katalyst01.cnx.org/contents/c3acb2ab-7d5c-45ad-b3cd-e59673fedd4e</cnxURL>
	    <openstaxURL>https://openstax.org/books/principles-management/pages/1-introduction</openstaxURL>
        <release-53URL></release-53URL>
        <openstaxStagingURL></openstaxStagingURL>
	    <rex-web-herokuapp-url>https://rex-web.herokuapp.com/books/principles-management@latest/pages/1-introduction/?archive=https://archive-staging.cnx.org</rex-web-herokuapp-url>
	    <rexWebStagingHerokuURL>https://rex-web-staging.herokuapp.com/books/principles-management/pages/1-introduction</rexWebStagingHerokuURL>
        <rex-web-issue-947-url>https://rex-web-issue-947-np39vpknfjij.herokuapp.com/books/principles-management@latest/pages/1-introduction/?archive=https://archive-qa.cnx.org</rex-web-issue-947-url>
        <LastPageURL>https://katalyst01.cnx.org/contents/GFy_h8cu@11.5:OlLnl474/Index</LastPageURL>
        <AverageScanTime>133</AverageScanTime>
    </Book>   

    <Book Name="Organizational Behavior">
        <FirstPageURL>https://katalyst01.cnx.org/contents/2d941ab9-ac5b-4eb8-b21c-965d36a4f296</FirstPageURL>
	    <cnxURL>https://katalyst01.cnx.org/contents/2d941ab9-ac5b-4eb8-b21c-965d36a4f296</cnxURL>
	    <openstaxURL></openstaxURL>
        <release-53URL></release-53URL>
        <openstaxStagingURL></openstaxStagingURL>
	    <rex-web-herokuapp-url></rex-web-herokuapp-url>
	    <rexWebStagingHerokuURL></rexWebStagingHerokuURL>
        <rex-web-issue-947-url></rex-web-issue-947-url>
        <LastPageURL>https://katalyst01.cnx.org/contents/GFy_h8cu@11.5:OlLnl474/Index</LastPageURL>
        <AverageScanTime>133</AverageScanTime>
    </Book>  	

    <Book Name="Prealgebra 2e">
        <FirstPageURL></FirstPageURL>
	    <cnxURL></cnxURL>
	    <openstaxURL>https://openstax.org/books/prealgebra-2e/pages/1-introduction</openstaxURL>
        <release-53URL></release-53URL>
        <openstaxStagingURL></openstaxStagingURL>
	    <rex-web-herokuapp-url>https://rex-web.herokuapp.com/books/prealgebra-2e@latest/pages/1-introduction/?archive=https://archive-staging.cnx.org</rex-web-herokuapp-url>
	    <rexWebStagingHerokuURL></rexWebStagingHerokuURL>
        <rex-web-issue-947-url>https://rex-web-issue-947-np39vpknfjij.herokuapp.com/books/prealgebra-2e@latest/pages/1-introduction/?archive=https://archive-qa.cnx.org</rex-web-issue-947-url>
        <LastPageURL>https://katalyst01.cnx.org/contents/GFy_h8cu@11.5:OlLnl474/Index</LastPageURL>
        <AverageScanTime>133</AverageScanTime>
    </Book> 

    <Book Name="College Success">
        <FirstPageURL></FirstPageURL>
	    <cnxURL></cnxURL>
	    <openstaxURL>https://openstax.org/books/college-success/pages/1-introduction</openstaxURL>
        <release-53URL></release-53URL>
        <openstaxStagingURL></openstaxStagingURL>
	    <rex-web-herokuapp-url>https://rex-web.herokuapp.com/books/college-success@latest/pages/1-introduction/?archive=https://archive-staging.cnx.org</rex-web-herokuapp-url>
	    <rexWebStagingHerokuURL></rexWebStagingHerokuURL>
        <rex-web-issue-947-url>https://rex-web-issue-947-np39vpknfjij.herokuapp.com/books/college-success@latest/pages/1-introduction/?archive=https://archive-qa.cnx.org</rex-web-issue-947-url>
        <LastPageURL>https://katalyst01.cnx.org/contents/GFy_h8cu@11.5:OlLnl474/Index</LastPageURL>
        <AverageScanTime>133</AverageScanTime>
    </Book>

    <Book Name="Physics">
        <FirstPageURL></FirstPageURL>
	    <cnxURL></cnxURL>
	    <openstaxURL>https://openstax.org/books/physics/pages/1-introduction</openstaxURL>
        <release-53URL></release-53URL>
        <openstaxStagingURL></openstaxStagingURL>
	    <rex-web-herokuapp-url>https://rex-web.herokuapp.com/books/physics@latest/pages/1-introduction/?archive=https://archive-staging.cnx.org</rex-web-herokuapp-url>
	    <rexWebStagingHerokuURL></rexWebStagingHerokuURL>
        <rex-web-issue-947-url>https://rex-web-issue-947-np39vpknfjij.herokuapp.com/books/physics@latest/pages/1-introduction/?archive=https://archive-qa.cnx.org</rex-web-issue-947-url>
        <LastPageURL>https://katalyst01.cnx.org/contents/GFy_h8cu@11.5:OlLnl474/Index</LastPageURL>
        <AverageScanTime>133</AverageScanTime>
    </Book>

    <Book Name="Psychology 2e">
        <FirstPageURL></FirstPageURL>
	    <cnxURL></cnxURL>
	    <openstaxURL>https://openstax.org/books/psychology-2e/pages/1-introduction</openstaxURL>
        <release-53URL></release-53URL>
        <openstaxStagingURL></openstaxStagingURL>
	    <rex-web-herokuapp-url>https://rex-web.herokuapp.com/books/psychology-2e@latest/pages/1-introduction/?archive=https://archive-staging.cnx.org</rex-web-herokuapp-url>
	    <rexWebStagingHerokuURL></rexWebStagingHerokuURL>
        <rex-web-issue-947-url>https://rex-web-issue-947-np39vpknfjij.herokuapp.com/books/psychology-2e@latest/pages/1-introduction/?archive=https://archive-qa.cnx.org</rex-web-issue-947-url>
        <LastPageURL>https://katalyst01.cnx.org/contents/GFy_h8cu@11.5:OlLnl474/Index</LastPageURL>
        <AverageScanTime>133</AverageScanTime>
    </Book>
</Books>