<?xml version="1.0" encoding="UTF-8"?><Books>
	<Book Name="Biology">
		<title>Biology</title>
		<commit>dc2c653</commit>
		<branch>first branch</branch>
		<serverName>katalyst01</serverName>
		<recipe>fist recipe</recipe>
		<FirstPageURL>https://katalyst01.cnx.org/contents/GFy_h8cu@11.5:fVAf83sY@13/Preface</FirstPageURL>
                <LastPageURL>https://katalyst01.cnx.org/contents/GFy_h8cu@11.5:OlLnl474/Index</LastPageURL>
		<path>/home/arkadiusz/software/Similie-06/Similie/test-screens/Template/</path>
                <AverageScanTime>400</AverageScanTime>           
	</Book>

	<Book Name="bio2">
		<title>Biology</title>
		<commit>b901ab5</commit>
		<branch>first branch</branch>
		<serverName>second server</serverName>
		<recipe>second recipe</recipe>
		<FirstPageURL>https://katalyst01.cnx.org/contents/GFy_h8cu@11.5:fVAf83sY@13/Preface</FirstPageURL>
                <LastPageURL>https://katalyst01.cnx.org/contents/GFy_h8cu@11.5:OlLnl474/Index</LastPageURL>
		<path>/home/arkadiusz/software/Similie-06/Similie/test-screens/NewScan/</path>
                <AverageScanTime>20</AverageScanTime>           
	</Book>

        <Book Name="Prealgebra">
		<title>Prealgebra</title>
		<commit>m74skps</commit>
		<branch>prealgebra branch</branch>
		<serverName>second server</serverName>
		<recipe>second recipe</recipe>
		<FirstPageURL>https://katalyst01.cnx.org/contents/GFy_h8cu@11.5:fVAf83sY@13/Preface</FirstPageURL>
                <LastPageURL>https://katalyst01.cnx.org/contents/GFy_h8cu@11.5:OlLnl474/Index</LastPageURL>
		<path>/home/arkadiusz/software/Similie-06/Similie/test-screens/NewScan/</path>
                <AverageScanTime>900</AverageScanTime>
                
		
	</Book>
        <Book Name="Calculus">
		<title>Calculus</title>
		<commit>u65pdps</commit>
		<branch>Calculus branch</branch>
		<serverName>first server</serverName>
		<recipe>first recipe</recipe>
		<FirstPageURL>https://katalyst01.cnx.org/contents/GFy_h8cu@11.5:fVAf83sY@13/Preface</FirstPageURL>
                <LastPageURL>https://katalyst01.cnx.org/contents/GFy_h8cu@11.5:OlLnl474/Index</LastPageURL>
                <AverageScanTime>1000</AverageScanTime>
                
		
	</Book>
	
</Books>