{
  "bookTitle": "American Government 2e",
  "sections": [
    {
      "type": "module",
      "title": "Preface",
      "url": "https://openstax.org/books/american-government-2e/pages/preface"
    },
    {
      "type": "chapter",
      "title": "Students and the System",
      "sections": [
        {
          "type": "chapter",
          "title": "1 American Government and Civic Engagement",
          "sections": [
            {
              "type": "module",
              "title": "Introduction",
              "url": "https://openstax.org/books/american-government-2e/pages/1-introduction"
            },
            {
              "type": "module",
              "title": "1.1 What is Government?",
              "url": "https://openstax.org/books/american-government-2e/pages/1-1-what-is-government"
            },
            {
              "type": "module",
              "title": "1.2 Who Governs? Elitism, Pluralism, and Tradeoffs",
              "url": "https://openstax.org/books/american-government-2e/pages/1-2-who-governs-elitism-pluralism-and-tradeoffs"
            },
            {
              "type": "module",
              "title": "1.3 Engagement in a Democracy",
              "url": "https://openstax.org/books/american-government-2e/pages/1-3-engagement-in-a-democracy"
            },
            {
              "type": "module",
              "title": "Key Terms",
              "url": "https://openstax.org/books/american-government-2e/pages/1-key-terms"
            },
            {
              "type": "module",
              "title": "Summary",
              "url": "https://openstax.org/books/american-government-2e/pages/1-summary"
            },
            {
              "type": "module",
              "title": "Review Questions",
              "url": "https://openstax.org/books/american-government-2e/pages/1-review-questions"
            },
            {
              "type": "module",
              "title": "Critical Thinking Questions",
              "url": "https://openstax.org/books/american-government-2e/pages/1-critical-thinking-questions"
            },
            {
              "type": "module",
              "title": "Suggestions for Further Study",
              "url": "https://openstax.org/books/american-government-2e/pages/1-suggestions-for-further-study"
            }
          ]
        },
        {
          "type": "chapter",
          "title": "2 The Constitution and Its Origins",
          "sections": [
            {
              "type": "module",
              "title": "Introduction",
              "url": "https://openstax.org/books/american-government-2e/pages/2-introduction"
            },
            {
              "type": "module",
              "title": "2.1 The Pre-Revolutionary Period and the Roots of the American Political Tradition",
              "url": "https://openstax.org/books/american-government-2e/pages/2-1-the-pre-revolutionary-period-and-the-roots-of-the-american-political-tradition"
            },
            {
              "type": "module",
              "title": "2.2 The Articles of Confederation",
              "url": "https://openstax.org/books/american-government-2e/pages/2-2-the-articles-of-confederation"
            },
            {
              "type": "module",
              "title": "2.3 The Development of the Constitution",
              "url": "https://openstax.org/books/american-government-2e/pages/2-3-the-development-of-the-constitution"
            },
            {
              "type": "module",
              "title": "2.4 The Ratification of the Constitution",
              "url": "https://openstax.org/books/american-government-2e/pages/2-4-the-ratification-of-the-constitution"
            },
            {
              "type": "module",
              "title": "2.5 Constitutional Change",
              "url": "https://openstax.org/books/american-government-2e/pages/2-5-constitutional-change"
            },
            {
              "type": "module",
              "title": "Key Terms",
              "url": "https://openstax.org/books/american-government-2e/pages/2-key-terms"
            },
            {
              "type": "module",
              "title": "Summary",
              "url": "https://openstax.org/books/american-government-2e/pages/2-summary"
            },
            {
              "type": "module",
              "title": "Review Questions",
              "url": "https://openstax.org/books/american-government-2e/pages/2-review-questions"
            },
            {
              "type": "module",
              "title": "Critical Thinking Questions",
              "url": "https://openstax.org/books/american-government-2e/pages/2-critical-thinking-questions"
            },
            {
              "type": "module",
              "title": "Suggestions for Further Study",
              "url": "https://openstax.org/books/american-government-2e/pages/2-suggestions-for-further-study"
            }
          ]
        },
        {
          "type": "chapter",
          "title": "3 American Federalism",
          "sections": [
            {
              "type": "module",
              "title": "Introduction",
              "url": "https://openstax.org/books/american-government-2e/pages/3-introduction"
            },
            {
              "type": "module",
              "title": "3.1 The Division of Powers",
              "url": "https://openstax.org/books/american-government-2e/pages/3-1-the-division-of-powers"
            },
            {
              "type": "module",
              "title": "3.2 The Evolution of American Federalism",
              "url": "https://openstax.org/books/american-government-2e/pages/3-2-the-evolution-of-american-federalism"
            },
            {
              "type": "module",
              "title": "3.3 Intergovernmental Relationships",
              "url": "https://openstax.org/books/american-government-2e/pages/3-3-intergovernmental-relationships"
            },
            {
              "type": "module",
              "title": "3.4 Competitive Federalism Today",
              "url": "https://openstax.org/books/american-government-2e/pages/3-4-competitive-federalism-today"
            },
            {
              "type": "module",
              "title": "3.5 Advantages and Disadvantages of Federalism",
              "url": "https://openstax.org/books/american-government-2e/pages/3-5-advantages-and-disadvantages-of-federalism"
            },
            {
              "type": "module",
              "title": "Key Terms",
              "url": "https://openstax.org/books/american-government-2e/pages/3-key-terms"
            },
            {
              "type": "module",
              "title": "Summary",
              "url": "https://openstax.org/books/american-government-2e/pages/3-summary"
            },
            {
              "type": "module",
              "title": "Review Questions",
              "url": "https://openstax.org/books/american-government-2e/pages/3-review-questions"
            },
            {
              "type": "module",
              "title": "Critical Thinking Questions",
              "url": "https://openstax.org/books/american-government-2e/pages/3-critical-thinking-questions"
            },
            {
              "type": "module",
              "title": "Suggestions for Further Study",
              "url": "https://openstax.org/books/american-government-2e/pages/3-suggestions-for-further-study"
            }
          ]
        }
      ]
    },
    {
      "type": "chapter",
      "title": "Individual Agency and Action",
      "sections": [
        {
          "type": "chapter",
          "title": "4 Civil Liberties",
          "sections": [
            {
              "type": "module",
              "title": "Introduction",
              "url": "https://openstax.org/books/american-government-2e/pages/4-introduction"
            },
            {
              "type": "module",
              "title": "4.1 What Are Civil Liberties?",
              "url": "https://openstax.org/books/american-government-2e/pages/4-1-what-are-civil-liberties"
            },
            {
              "type": "module",
              "title": "4.2 Securing Basic Freedoms",
              "url": "https://openstax.org/books/american-government-2e/pages/4-2-securing-basic-freedoms"
            },
            {
              "type": "module",
              "title": "4.3 The Rights of Suspects",
              "url": "https://openstax.org/books/american-government-2e/pages/4-3-the-rights-of-suspects"
            },
            {
              "type": "module",
              "title": "4.4 Interpreting the Bill of Rights",
              "url": "https://openstax.org/books/american-government-2e/pages/4-4-interpreting-the-bill-of-rights"
            },
            {
              "type": "module",
              "title": "Key Terms",
              "url": "https://openstax.org/books/american-government-2e/pages/4-key-terms"
            },
            {
              "type": "module",
              "title": "Summary",
              "url": "https://openstax.org/books/american-government-2e/pages/4-summary"
            },
            {
              "type": "module",
              "title": "Review Questions",
              "url": "https://openstax.org/books/american-government-2e/pages/4-review-questions"
            },
            {
              "type": "module",
              "title": "Critical Thinking Questions",
              "url": "https://openstax.org/books/american-government-2e/pages/4-critical-thinking-questions"
            },
            {
              "type": "module",
              "title": "Suggestions for Further Study",
              "url": "https://openstax.org/books/american-government-2e/pages/4-suggestions-for-further-study"
            }
          ]
        },
        {
          "type": "chapter",
          "title": "5 Civil Rights",
          "sections": [
            {
              "type": "module",
              "title": "Introduction",
              "url": "https://openstax.org/books/american-government-2e/pages/5-introduction"
            },
            {
              "type": "module",
              "title": "5.1 What Are Civil Rights and How Do We Identify Them?",
              "url": "https://openstax.org/books/american-government-2e/pages/5-1-what-are-civil-rights-and-how-do-we-identify-them"
            },
            {
              "type": "module",
              "title": "5.2 The African American Struggle for Equality",
              "url": "https://openstax.org/books/american-government-2e/pages/5-2-the-african-american-struggle-for-equality"
            },
            {
              "type": "module",
              "title": "5.3 The Fight for Women’s Rights",
              "url": "https://openstax.org/books/american-government-2e/pages/5-3-the-fight-for-womens-rights"
            },
            {
              "type": "module",
              "title": "5.4 Civil Rights for Indigenous Groups: Native Americans, Alaskans, and Hawaiians",
              "url": "https://openstax.org/books/american-government-2e/pages/5-4-civil-rights-for-indigenous-groups-native-americans-alaskans-and-hawaiians"
            },
            {
              "type": "module",
              "title": "5.5 Equal Protection for Other Groups",
              "url": "https://openstax.org/books/american-government-2e/pages/5-5-equal-protection-for-other-groups"
            },
            {
              "type": "module",
              "title": "Key Terms",
              "url": "https://openstax.org/books/american-government-2e/pages/5-key-terms"
            },
            {
              "type": "module",
              "title": "Summary",
              "url": "https://openstax.org/books/american-government-2e/pages/5-summary"
            },
            {
              "type": "module",
              "title": "Review Questions",
              "url": "https://openstax.org/books/american-government-2e/pages/5-review-questions"
            },
            {
              "type": "module",
              "title": "Critical Thinking Questions",
              "url": "https://openstax.org/books/american-government-2e/pages/5-critical-thinking-questions"
            },
            {
              "type": "module",
              "title": "Suggestions for Further Study",
              "url": "https://openstax.org/books/american-government-2e/pages/5-suggestions-for-further-study"
            }
          ]
        },
        {
          "type": "chapter",
          "title": "6 The Politics of Public Opinion",
          "sections": [
            {
              "type": "module",
              "title": "Introduction",
              "url": "https://openstax.org/books/american-government-2e/pages/6-introduction"
            },
            {
              "type": "module",
              "title": "6.1 The Nature of Public Opinion",
              "url": "https://openstax.org/books/american-government-2e/pages/6-1-the-nature-of-public-opinion"
            },
            {
              "type": "module",
              "title": "6.2 How Is Public Opinion Measured?",
              "url": "https://openstax.org/books/american-government-2e/pages/6-2-how-is-public-opinion-measured"
            },
            {
              "type": "module",
              "title": "6.3 What Does the Public Think?",
              "url": "https://openstax.org/books/american-government-2e/pages/6-3-what-does-the-public-think"
            },
            {
              "type": "module",
              "title": "6.4 The Effects of Public Opinion",
              "url": "https://openstax.org/books/american-government-2e/pages/6-4-the-effects-of-public-opinion"
            },
            {
              "type": "module",
              "title": "Key Terms",
              "url": "https://openstax.org/books/american-government-2e/pages/6-key-terms"
            },
            {
              "type": "module",
              "title": "Summary",
              "url": "https://openstax.org/books/american-government-2e/pages/6-summary"
            },
            {
              "type": "module",
              "title": "Review Questions",
              "url": "https://openstax.org/books/american-government-2e/pages/6-review-questions"
            },
            {
              "type": "module",
              "title": "Critical Thinking Questions",
              "url": "https://openstax.org/books/american-government-2e/pages/6-critical-thinking-questions"
            },
            {
              "type": "module",
              "title": "Suggestions for Further Study",
              "url": "https://openstax.org/books/american-government-2e/pages/6-suggestions-for-further-study"
            }
          ]
        },
        {
          "type": "chapter",
          "title": "7 Voting and Elections",
          "sections": [
            {
              "type": "module",
              "title": "Introduction",
              "url": "https://openstax.org/books/american-government-2e/pages/7-introduction"
            },
            {
              "type": "module",
              "title": "7.1 Voter Registration",
              "url": "https://openstax.org/books/american-government-2e/pages/7-1-voter-registration"
            },
            {
              "type": "module",
              "title": "7.2 Voter Turnout",
              "url": "https://openstax.org/books/american-government-2e/pages/7-2-voter-turnout"
            },
            {
              "type": "module",
              "title": "7.3 Elections",
              "url": "https://openstax.org/books/american-government-2e/pages/7-3-elections"
            },
            {
              "type": "module",
              "title": "7.4 Campaigns and Voting",
              "url": "https://openstax.org/books/american-government-2e/pages/7-4-campaigns-and-voting"
            },
            {
              "type": "module",
              "title": "7.5 Direct Democracy",
              "url": "https://openstax.org/books/american-government-2e/pages/7-5-direct-democracy"
            },
            {
              "type": "module",
              "title": "Key Terms",
              "url": "https://openstax.org/books/american-government-2e/pages/7-key-terms"
            },
            {
              "type": "module",
              "title": "Summary",
              "url": "https://openstax.org/books/american-government-2e/pages/7-summary"
            },
            {
              "type": "module",
              "title": "Review Questions",
              "url": "https://openstax.org/books/american-government-2e/pages/7-review-questions"
            },
            {
              "type": "module",
              "title": "Critical Thinking Questions",
              "url": "https://openstax.org/books/american-government-2e/pages/7-critical-thinking-questions"
            },
            {
              "type": "module",
              "title": "Suggestions for Further Study",
              "url": "https://openstax.org/books/american-government-2e/pages/7-suggestions-for-further-study"
            }
          ]
        }
      ]
    },
    {
      "type": "chapter",
      "title": "Toward Collective Action: Mediating Institutions",
      "sections": [
        {
          "type": "chapter",
          "title": "8 The Media",
          "sections": [
            {
              "type": "module",
              "title": "Introduction",
              "url": "https://openstax.org/books/american-government-2e/pages/8-introduction"
            },
            {
              "type": "module",
              "title": "8.1 What Is the Media?",
              "url": "https://openstax.org/books/american-government-2e/pages/8-1-what-is-the-media"
            },
            {
              "type": "module",
              "title": "8.2 The Evolution of the Media",
              "url": "https://openstax.org/books/american-government-2e/pages/8-2-the-evolution-of-the-media"
            },
            {
              "type": "module",
              "title": "8.3 Regulating the Media",
              "url": "https://openstax.org/books/american-government-2e/pages/8-3-regulating-the-media"
            },
            {
              "type": "module",
              "title": "8.4 The Impact of the Media",
              "url": "https://openstax.org/books/american-government-2e/pages/8-4-the-impact-of-the-media"
            },
            {
              "type": "module",
              "title": "Key Terms",
              "url": "https://openstax.org/books/american-government-2e/pages/8-key-terms"
            },
            {
              "type": "module",
              "title": "Summary",
              "url": "https://openstax.org/books/american-government-2e/pages/8-summary"
            },
            {
              "type": "module",
              "title": "Review Questions",
              "url": "https://openstax.org/books/american-government-2e/pages/8-review-questions"
            },
            {
              "type": "module",
              "title": "Critical Thinking Questions",
              "url": "https://openstax.org/books/american-government-2e/pages/8-critical-thinking-questions"
            },
            {
              "type": "module",
              "title": "Suggestions for Further Study",
              "url": "https://openstax.org/books/american-government-2e/pages/8-suggestions-for-further-study"
            }
          ]
        },
        {
          "type": "chapter",
          "title": "9 Political Parties",
          "sections": [
            {
              "type": "module",
              "title": "Introduction",
              "url": "https://openstax.org/books/american-government-2e/pages/9-introduction"
            },
            {
              "type": "module",
              "title": "9.1 What Are Parties and How Did They Form?",
              "url": "https://openstax.org/books/american-government-2e/pages/9-1-what-are-parties-and-how-did-they-form"
            },
            {
              "type": "module",
              "title": "9.2 The Two-Party System",
              "url": "https://openstax.org/books/american-government-2e/pages/9-2-the-two-party-system"
            },
            {
              "type": "module",
              "title": "9.3 The Shape of Modern Political Parties",
              "url": "https://openstax.org/books/american-government-2e/pages/9-3-the-shape-of-modern-political-parties"
            },
            {
              "type": "module",
              "title": "9.4 Divided Government and Partisan Polarization",
              "url": "https://openstax.org/books/american-government-2e/pages/9-4-divided-government-and-partisan-polarization"
            },
            {
              "type": "module",
              "title": "Key Terms",
              "url": "https://openstax.org/books/american-government-2e/pages/9-key-terms"
            },
            {
              "type": "module",
              "title": "Summary",
              "url": "https://openstax.org/books/american-government-2e/pages/9-summary"
            },
            {
              "type": "module",
              "title": "Review Questions",
              "url": "https://openstax.org/books/american-government-2e/pages/9-review-questions"
            },
            {
              "type": "module",
              "title": "Critical Thinking Questions",
              "url": "https://openstax.org/books/american-government-2e/pages/9-critical-thinking-questions"
            },
            {
              "type": "module",
              "title": "Suggestions for Further Study",
              "url": "https://openstax.org/books/american-government-2e/pages/9-suggestions-for-further-study"
            }
          ]
        },
        {
          "type": "chapter",
          "title": "10 Interest Groups and Lobbying",
          "sections": [
            {
              "type": "module",
              "title": "Introduction",
              "url": "https://openstax.org/books/american-government-2e/pages/10-introduction"
            },
            {
              "type": "module",
              "title": "10.1 Interest Groups Defined",
              "url": "https://openstax.org/books/american-government-2e/pages/10-1-interest-groups-defined"
            },
            {
              "type": "module",
              "title": "10.2 Collective Action and Interest Group Formation",
              "url": "https://openstax.org/books/american-government-2e/pages/10-2-collective-action-and-interest-group-formation"
            },
            {
              "type": "module",
              "title": "10.3 Interest Groups as Political Participation",
              "url": "https://openstax.org/books/american-government-2e/pages/10-3-interest-groups-as-political-participation"
            },
            {
              "type": "module",
              "title": "10.4 Pathways of Interest Group Influence",
              "url": "https://openstax.org/books/american-government-2e/pages/10-4-pathways-of-interest-group-influence"
            },
            {
              "type": "module",
              "title": "10.5 Free Speech and the Regulation of Interest Groups",
              "url": "https://openstax.org/books/american-government-2e/pages/10-5-free-speech-and-the-regulation-of-interest-groups"
            },
            {
              "type": "module",
              "title": "Key Terms",
              "url": "https://openstax.org/books/american-government-2e/pages/10-key-terms"
            },
            {
              "type": "module",
              "title": "Summary",
              "url": "https://openstax.org/books/american-government-2e/pages/10-summary"
            },
            {
              "type": "module",
              "title": "Review Questions",
              "url": "https://openstax.org/books/american-government-2e/pages/10-review-questions"
            },
            {
              "type": "module",
              "title": "Critical Thinking Questions",
              "url": "https://openstax.org/books/american-government-2e/pages/10-critical-thinking-questions"
            },
            {
              "type": "module",
              "title": "Suggestions for Further Study",
              "url": "https://openstax.org/books/american-government-2e/pages/10-suggestions-for-further-study"
            }
          ]
        }
      ]
    },
    {
      "type": "chapter",
      "title": "Delivering Collective Action: Formal Institutions",
      "sections": [
        {
          "type": "chapter",
          "title": "11 Congress",
          "sections": [
            {
              "type": "module",
              "title": "Introduction",
              "url": "https://openstax.org/books/american-government-2e/pages/11-introduction"
            },
            {
              "type": "module",
              "title": "11.1 The Institutional Design of Congress",
              "url": "https://openstax.org/books/american-government-2e/pages/11-1-the-institutional-design-of-congress"
            },
            {
              "type": "module",
              "title": "11.2 Congressional Elections",
              "url": "https://openstax.org/books/american-government-2e/pages/11-2-congressional-elections"
            },
            {
              "type": "module",
              "title": "11.3 Congressional Representation",
              "url": "https://openstax.org/books/american-government-2e/pages/11-3-congressional-representation"
            },
            {
              "type": "module",
              "title": "11.4 House and Senate Organizations",
              "url": "https://openstax.org/books/american-government-2e/pages/11-4-house-and-senate-organizations"
            },
            {
              "type": "module",
              "title": "11.5 The Legislative Process",
              "url": "https://openstax.org/books/american-government-2e/pages/11-5-the-legislative-process"
            },
            {
              "type": "module",
              "title": "Key Terms",
              "url": "https://openstax.org/books/american-government-2e/pages/11-key-terms"
            },
            {
              "type": "module",
              "title": "Summary",
              "url": "https://openstax.org/books/american-government-2e/pages/11-summary"
            },
            {
              "type": "module",
              "title": "Review Questions",
              "url": "https://openstax.org/books/american-government-2e/pages/11-review-questions"
            },
            {
              "type": "module",
              "title": "Critical Thinking Questions",
              "url": "https://openstax.org/books/american-government-2e/pages/11-critical-thinking-questions"
            },
            {
              "type": "module",
              "title": "Suggestions for Further Study",
              "url": "https://openstax.org/books/american-government-2e/pages/11-suggestions-for-further-study"
            }
          ]
        },
        {
          "type": "chapter",
          "title": "12 The Presidency",
          "sections": [
            {
              "type": "module",
              "title": "Introduction",
              "url": "https://openstax.org/books/american-government-2e/pages/12-introduction"
            },
            {
              "type": "module",
              "title": "12.1 The Design and Evolution of the Presidency",
              "url": "https://openstax.org/books/american-government-2e/pages/12-1-the-design-and-evolution-of-the-presidency"
            },
            {
              "type": "module",
              "title": "12.2 The Presidential Election Process",
              "url": "https://openstax.org/books/american-government-2e/pages/12-2-the-presidential-election-process"
            },
            {
              "type": "module",
              "title": "12.3 Organizing to Govern",
              "url": "https://openstax.org/books/american-government-2e/pages/12-3-organizing-to-govern"
            },
            {
              "type": "module",
              "title": "12.4 The Public Presidency",
              "url": "https://openstax.org/books/american-government-2e/pages/12-4-the-public-presidency"
            },
            {
              "type": "module",
              "title": "12.5 Presidential Governance: Direct Presidential Action",
              "url": "https://openstax.org/books/american-government-2e/pages/12-5-presidential-governance-direct-presidential-action"
            },
            {
              "type": "module",
              "title": "Key Terms",
              "url": "https://openstax.org/books/american-government-2e/pages/12-key-terms"
            },
            {
              "type": "module",
              "title": "Summary",
              "url": "https://openstax.org/books/american-government-2e/pages/12-summary"
            },
            {
              "type": "module",
              "title": "Review Questions",
              "url": "https://openstax.org/books/american-government-2e/pages/12-review-questions"
            },
            {
              "type": "module",
              "title": "Critical Thinking Questions",
              "url": "https://openstax.org/books/american-government-2e/pages/12-critical-thinking-questions"
            },
            {
              "type": "module",
              "title": "Suggestions for Further Study",
              "url": "https://openstax.org/books/american-government-2e/pages/12-suggestions-for-further-study"
            }
          ]
        },
        {
          "type": "chapter",
          "title": "13 The Courts",
          "sections": [
            {
              "type": "module",
              "title": "Introduction",
              "url": "https://openstax.org/books/american-government-2e/pages/13-introduction"
            },
            {
              "type": "module",
              "title": "13.1 Guardians of the Constitution and Individual Rights",
              "url": "https://openstax.org/books/american-government-2e/pages/13-1-guardians-of-the-constitution-and-individual-rights"
            },
            {
              "type": "module",
              "title": "13.2 The Dual Court System",
              "url": "https://openstax.org/books/american-government-2e/pages/13-2-the-dual-court-system"
            },
            {
              "type": "module",
              "title": "13.3 The Federal Court System",
              "url": "https://openstax.org/books/american-government-2e/pages/13-3-the-federal-court-system"
            },
            {
              "type": "module",
              "title": "13.4 The Supreme Court",
              "url": "https://openstax.org/books/american-government-2e/pages/13-4-the-supreme-court"
            },
            {
              "type": "module",
              "title": "13.5 Judicial Decision-Making and Implementation by the Supreme Court",
              "url": "https://openstax.org/books/american-government-2e/pages/13-5-judicial-decision-making-and-implementation-by-the-supreme-court"
            },
            {
              "type": "module",
              "title": "Key Terms",
              "url": "https://openstax.org/books/american-government-2e/pages/13-key-terms"
            },
            {
              "type": "module",
              "title": "Summary",
              "url": "https://openstax.org/books/american-government-2e/pages/13-summary"
            },
            {
              "type": "module",
              "title": "Review Questions",
              "url": "https://openstax.org/books/american-government-2e/pages/13-review-questions"
            },
            {
              "type": "module",
              "title": "Critical Thinking Questions",
              "url": "https://openstax.org/books/american-government-2e/pages/13-critical-thinking-questions"
            },
            {
              "type": "module",
              "title": "Suggestions for Further Study",
              "url": "https://openstax.org/books/american-government-2e/pages/13-suggestions-for-further-study"
            }
          ]
        },
        {
          "type": "chapter",
          "title": "14 State and Local Government",
          "sections": [
            {
              "type": "module",
              "title": "Introduction",
              "url": "https://openstax.org/books/american-government-2e/pages/14-introduction"
            },
            {
              "type": "module",
              "title": "14.1 State Power and Delegation",
              "url": "https://openstax.org/books/american-government-2e/pages/14-1-state-power-and-delegation"
            },
            {
              "type": "module",
              "title": "14.2 State Political Culture",
              "url": "https://openstax.org/books/american-government-2e/pages/14-2-state-political-culture"
            },
            {
              "type": "module",
              "title": "14.3 Governors and State Legislatures",
              "url": "https://openstax.org/books/american-government-2e/pages/14-3-governors-and-state-legislatures"
            },
            {
              "type": "module",
              "title": "14.4 State Legislative Term Limits",
              "url": "https://openstax.org/books/american-government-2e/pages/14-4-state-legislative-term-limits"
            },
            {
              "type": "module",
              "title": "14.5 County and City Government",
              "url": "https://openstax.org/books/american-government-2e/pages/14-5-county-and-city-government"
            },
            {
              "type": "module",
              "title": "Key Terms",
              "url": "https://openstax.org/books/american-government-2e/pages/14-key-terms"
            },
            {
              "type": "module",
              "title": "Summary",
              "url": "https://openstax.org/books/american-government-2e/pages/14-summary"
            },
            {
              "type": "module",
              "title": "Review Questions",
              "url": "https://openstax.org/books/american-government-2e/pages/14-review-questions"
            },
            {
              "type": "module",
              "title": "Critical Thinking Questions",
              "url": "https://openstax.org/books/american-government-2e/pages/14-critical-thinking-questions"
            },
            {
              "type": "module",
              "title": "Suggestions for Further Study",
              "url": "https://openstax.org/books/american-government-2e/pages/14-suggestions-for-further-study"
            }
          ]
        }
      ]
    },
    {
      "type": "chapter",
      "title": "The Outputs of Government",
      "sections": [
        {
          "type": "chapter",
          "title": "15 The Bureaucracy",
          "sections": [
            {
              "type": "module",
              "title": "Introduction",
              "url": "https://openstax.org/books/american-government-2e/pages/15-introduction"
            },
            {
              "type": "module",
              "title": "15.1 Bureaucracy and the Evolution of Public Administration",
              "url": "https://openstax.org/books/american-government-2e/pages/15-1-bureaucracy-and-the-evolution-of-public-administration"
            },
            {
              "type": "module",
              "title": "15.2 Toward a Merit-Based Civil Service",
              "url": "https://openstax.org/books/american-government-2e/pages/15-2-toward-a-merit-based-civil-service"
            },
            {
              "type": "module",
              "title": "15.3 Understanding Bureaucracies and their Types",
              "url": "https://openstax.org/books/american-government-2e/pages/15-3-understanding-bureaucracies-and-their-types"
            },
            {
              "type": "module",
              "title": "15.4 Controlling the Bureaucracy",
              "url": "https://openstax.org/books/american-government-2e/pages/15-4-controlling-the-bureaucracy"
            },
            {
              "type": "module",
              "title": "Key Terms",
              "url": "https://openstax.org/books/american-government-2e/pages/15-key-terms"
            },
            {
              "type": "module",
              "title": "Summary",
              "url": "https://openstax.org/books/american-government-2e/pages/15-summary"
            },
            {
              "type": "module",
              "title": "Review Questions",
              "url": "https://openstax.org/books/american-government-2e/pages/15-review-questions"
            },
            {
              "type": "module",
              "title": "Critical Thinking Questions",
              "url": "https://openstax.org/books/american-government-2e/pages/15-critical-thinking-questions"
            },
            {
              "type": "module",
              "title": "Suggestions for Further Study",
              "url": "https://openstax.org/books/american-government-2e/pages/15-suggestions-for-further-study"
            }
          ]
        },
        {
          "type": "chapter",
          "title": "16 Domestic Policy",
          "sections": [
            {
              "type": "module",
              "title": "Introduction",
              "url": "https://openstax.org/books/american-government-2e/pages/16-introduction"
            },
            {
              "type": "module",
              "title": "16.1 What Is Public Policy?",
              "url": "https://openstax.org/books/american-government-2e/pages/16-1-what-is-public-policy"
            },
            {
              "type": "module",
              "title": "16.2 Categorizing Public Policy",
              "url": "https://openstax.org/books/american-government-2e/pages/16-2-categorizing-public-policy"
            },
            {
              "type": "module",
              "title": "16.3 Policy Arenas",
              "url": "https://openstax.org/books/american-government-2e/pages/16-3-policy-arenas"
            },
            {
              "type": "module",
              "title": "16.4 Policymakers",
              "url": "https://openstax.org/books/american-government-2e/pages/16-4-policymakers"
            },
            {
              "type": "module",
              "title": "16.5 Budgeting and Tax Policy",
              "url": "https://openstax.org/books/american-government-2e/pages/16-5-budgeting-and-tax-policy"
            },
            {
              "type": "module",
              "title": "Key Terms",
              "url": "https://openstax.org/books/american-government-2e/pages/16-key-terms"
            },
            {
              "type": "module",
              "title": "Summary",
              "url": "https://openstax.org/books/american-government-2e/pages/16-summary"
            },
            {
              "type": "module",
              "title": "Review Questions",
              "url": "https://openstax.org/books/american-government-2e/pages/16-review-questions"
            },
            {
              "type": "module",
              "title": "Critical Thinking Questions",
              "url": "https://openstax.org/books/american-government-2e/pages/16-critical-thinking-questions"
            },
            {
              "type": "module",
              "title": "Suggestions for Further Study",
              "url": "https://openstax.org/books/american-government-2e/pages/16-suggestions-for-further-study"
            }
          ]
        },
        {
          "type": "chapter",
          "title": "17 Foreign Policy",
          "sections": [
            {
              "type": "module",
              "title": "Introduction",
              "url": "https://openstax.org/books/american-government-2e/pages/17-introduction"
            },
            {
              "type": "module",
              "title": "17.1 Defining Foreign Policy",
              "url": "https://openstax.org/books/american-government-2e/pages/17-1-defining-foreign-policy"
            },
            {
              "type": "module",
              "title": "17.2 Foreign Policy Instruments",
              "url": "https://openstax.org/books/american-government-2e/pages/17-2-foreign-policy-instruments"
            },
            {
              "type": "module",
              "title": "17.3 Institutional Relations in Foreign Policy",
              "url": "https://openstax.org/books/american-government-2e/pages/17-3-institutional-relations-in-foreign-policy"
            },
            {
              "type": "module",
              "title": "17.4 Approaches to Foreign Policy",
              "url": "https://openstax.org/books/american-government-2e/pages/17-4-approaches-to-foreign-policy"
            },
            {
              "type": "module",
              "title": "Key Terms",
              "url": "https://openstax.org/books/american-government-2e/pages/17-key-terms"
            },
            {
              "type": "module",
              "title": "Summary",
              "url": "https://openstax.org/books/american-government-2e/pages/17-summary"
            },
            {
              "type": "module",
              "title": "Review Questions",
              "url": "https://openstax.org/books/american-government-2e/pages/17-review-questions"
            },
            {
              "type": "module",
              "title": "Critical Thinking Questions",
              "url": "https://openstax.org/books/american-government-2e/pages/17-critical-thinking-questions"
            },
            {
              "type": "module",
              "title": "Suggestions for Further Study",
              "url": "https://openstax.org/books/american-government-2e/pages/17-suggestions-for-further-study"
            }
          ]
        }
      ]
    },
    {
      "type": "module",
      "title": "A | Declaration of Independence",
      "url": "https://openstax.org/books/american-government-2e/pages/a-declaration-of-independence"
    },
    {
      "type": "module",
      "title": "B | The Constitution of the United States",
      "url": "https://openstax.org/books/american-government-2e/pages/b-the-constitution-of-the-united-states"
    },
    {
      "type": "module",
      "title": "C | Federalist Papers #10 and #51",
      "url": "https://openstax.org/books/american-government-2e/pages/c-federalist-papers-10-and-51"
    },
    {
      "type": "module",
      "title": "D | Electoral College Votes by State, 2012–2020",
      "url": "https://openstax.org/books/american-government-2e/pages/d-electoral-college-votes-by-state-2012-2020"
    },
    {
      "type": "module",
      "title": "E | Selected Supreme Court Cases",
      "url": "https://openstax.org/books/american-government-2e/pages/e-selected-supreme-court-cases"
    },
    {
      "type": "chapter",
      "title": "Answer Key",
      "sections": [
        {
          "type": "module",
          "title": "Chapter 1",
          "url": "https://openstax.org/books/american-government-2e/pages/chapter-1"
        },
        {
          "type": "module",
          "title": "Chapter 2",
          "url": "https://openstax.org/books/american-government-2e/pages/chapter-2"
        },
        {
          "type": "module",
          "title": "Chapter 3",
          "url": "https://openstax.org/books/american-government-2e/pages/chapter-3"
        },
        {
          "type": "module",
          "title": "Chapter 4",
          "url": "https://openstax.org/books/american-government-2e/pages/chapter-4"
        },
        {
          "type": "module",
          "title": "Chapter 5",
          "url": "https://openstax.org/books/american-government-2e/pages/chapter-5"
        },
        {
          "type": "module",
          "title": "Chapter 6",
          "url": "https://openstax.org/books/american-government-2e/pages/chapter-6"
        },
        {
          "type": "module",
          "title": "Chapter 7",
          "url": "https://openstax.org/books/american-government-2e/pages/chapter-7"
        },
        {
          "type": "module",
          "title": "Chapter 8",
          "url": "https://openstax.org/books/american-government-2e/pages/chapter-8"
        },
        {
          "type": "module",
          "title": "Chapter 9",
          "url": "https://openstax.org/books/american-government-2e/pages/chapter-9"
        },
        {
          "type": "module",
          "title": "Chapter 10",
          "url": "https://openstax.org/books/american-government-2e/pages/chapter-10"
        },
        {
          "type": "module",
          "title": "Chapter 11",
          "url": "https://openstax.org/books/american-government-2e/pages/chapter-11"
        },
        {
          "type": "module",
          "title": "Chapter 12",
          "url": "https://openstax.org/books/american-government-2e/pages/chapter-12"
        },
        {
          "type": "module",
          "title": "Chapter 13",
          "url": "https://openstax.org/books/american-government-2e/pages/chapter-13"
        },
        {
          "type": "module",
          "title": "Chapter 14",
          "url": "https://openstax.org/books/american-government-2e/pages/chapter-14"
        },
        {
          "type": "module",
          "title": "Chapter 15",
          "url": "https://openstax.org/books/american-government-2e/pages/chapter-15"
        },
        {
          "type": "module",
          "title": "Chapter 16",
          "url": "https://openstax.org/books/american-government-2e/pages/chapter-16"
        },
        {
          "type": "module",
          "title": "Chapter 17",
          "url": "https://openstax.org/books/american-government-2e/pages/chapter-17"
        }
      ]
    },
    {
      "type": "module",
      "title": "References",
      "url": "https://openstax.org/books/american-government-2e/pages/references"
    },
    {
      "type": "module",
      "title": "Index",
      "url": "https://openstax.org/books/american-government-2e/pages/index"
    }
  ]
}